,0
,1
adopting,3
portfolio,19
says,28
flour,2
country,58
bold,2
explanation,9
period,71
practically,41
massive,4
alarm,6
successes,2
easily,23
amen,2
forenoon,18
valley,5
likelihood,5
franco,2
inversely,2
showed,152
meat,4
try,9
mere,5
sank,19
undertone,7
airlines,4
kept,16
bloc,2
stimulant,3
background,16
mideast,5
prepared,11
extensively,3
construed,3
limited,24
spill,4
beading,2
benefiting,3
quarter,104
contrasted,2
certain,17
victory,5
twelve,7
frequently,5
exercising,3
chart,15
sentiment,87
columbus,4
bet,7
stuck,2
hunting,6
cen,4
surprise,18
dived,2
mall,2
prospects,37
address,13
lest,3
bache,6
emergency,6
composed,2
fashion,8
persons,2
ideas,5
resist,2
questions,7
overboard,5
floating,7
signaled,5
baker,2
middle,22
help,22
compelling,3
spoke,3
arrow,2
hesitancy,8
hides,10
cloudy,2
equaled,2
tobacco,28
enacted,5
scenario,3
twice,6
failed,40
representatives,6
meanwhile,20
public,72
funds,83
conferees,2
risen,6
progressed,34
walt,2
afford,2
enterprise,3
virtually,9
growing,38
unchanged,35
operations,61
reportedly,2
inspiring,4
another,127
outbreak,5
warrant,3
rough,2
manhattan,4
difference,7
kaffirs,2
proceeded,5
grew,5
manufacturers,11
merchandise,3
bag,2
single,32
local,16
smokestack,2
daily,40
tut,3
recognition,12
property,7
michael,7
strain,5
evening,6
attacked,3
gained,110
wisconsin,3
tonnage,6
surcharge,2
reaches,2
maker,15
helpful,6
curious,2
checking,2
across,23
scary,2
reviewed,10
hull,2
spurted,11
urging,6
circulation,7
instead,26
write,3
non,10
cutbacks,2
headlong,2
stability,10
exceedingly,2
dew,2
said,325
talks,4
flash,2
ear,3
cracking,2
outweighed,2
raw,28
citing,2
bankers,26
maryland,2
advised,3
stork,2
ignore,3
aboard,2
get,37
walker,2
counting,3
electronic,3
shaded,2
lay,4
measured,6
feared,10
unimpressive,2
drew,5
participated,11
sis,3
ground,134
ecb,4
euro,30
component,9
fought,3
enjoyed,19
mexican,24
imp,3
remaining,4
study,3
governors,2
iii,4
per,17
presented,5
applied,3
turnaround,7
scarcity,3
area,13
worked,25
wheeler,2
rep,9
like,83
opposition,6
traffic,20
distress,2
connection,13
wherever,2
benefit,11
think,35
gap,2
earner,3
pact,6
cut,77
wage,21
environment,2
connected,4
roosevelt,25
producing,6
circumstances,8
versus,2
believe,30
rules,7
herman,4
revealed,3
strides,2
kodak,6
mon,8
depreciation,2
peabody,2
towards,6
influence,87
already,35
preparations,4
watched,10
streaks,2
roundup,5
partially,4
downbeat,4
arrested,2
moving,30
chesapeake,13
reactions,30
reserves,10
obliged,5
paralysis,2
muted,5
return,20
cash,45
apparently,39
circulated,6
remarkable,13
orderly,10
unpleasant,3
withheld,2
note,29
hot,5
speculation,16
circles,13
rhodesian,2
saying,7
believes,9
factor,75
resolution,7
overextended,4
dealings,97
authoritative,2
insistent,7
savings,6
bast,2
prosperity,2
compilation,8
overcrowded,2
kuwait,4
conspicuous,9
faced,4
signs,64
carriers,8
stone,8
night,24
batch,2
revenues,10
bills,9
interborough,2
passed,13
inducement,4
viewpoint,2
builders,5
represents,3
substantial,98
steps,16
confirmed,10
hammering,3
cheng,2
predicted,10
climb,11
excellent,10
impressive,26
build,3
drubbing,2
lst,3
hang,6
sag,4
machines,9
inference,2
septi,2
portfolios,3
toxic,5
legislative,2
others,46
acute,15
nobody,6
banks,110
special,33
many,294
liberally,4
sink,5
dealing,10
associated,4
stopped,4
problem,18
delegates,3
baltimore,21
downgraded,2
prospect,23
wait,8
along,31
poor,79
minimum,6
unanimous,2
warned,11
snares,3
racked,4
incomes,4
bulge,9
setbacks,17
junk,2
uptrend,6
pursue,2
series,14
recovering,12
relinquished,5
irregularity,21
baghdad,2
resistance,73
exploded,3
hill,4
include,11
passing,6
stellar,2
industry,69
shortly,22
moisture,2
race,3
regards,2
abandonment,2
silver,24
absorb,19
pacific,158
announcing,3
david,10
metals,3
coupled,14
posted,38
legislation,21
conspired,2
evenly,2
separately,2
flat,10
pivotal,82
disappointment,26
beatrice,7
usual,18
amplifications,3
unfavorable,39
residential,2
hard,17
site,2
hercules,2
commercial,41
mean,15
volumes,3
chartists,4
carry,12
hints,2
thoroughly,4
rout,26
law,13
figured,56
overdue,5
lynch,7
outnumbered,4
indian,3
facilitating,2
authority,3
prevails,2
early,276
cabinet,2
costs,10
trip,2
recommendation,3
soviet,12
southwestern,2
disappointments,2
openings,2
grim,8
chief,45
unrest,2
attendance,2
opinions,3
quoted,11
center,11
soybeans,2
spirited,8
rapid,27
directed,2
last,472
institutions,27
indeed,9
efforts,28
jumping,9
proceedings,3
professional,26
fastest,2
thrust,4
buys,2
democrats,3
trust,15
event,16
argued,7
punishment,3
blamed,6
royal,7
prolonged,10
stronger,28
nevertheless,8
civil,2
heightening,3
wholesale,4
vehicles,2
anywhere,15
rebounds,4
give,23
catapulted,2
threat,12
son,4
franca,4
numbers,11
manifested,3
sweep,7
red,14
reception,2
minute,8
lighten,2
upbeat,7
corporate,36
tough,5
plus,5
plunging,8
dealers,6
withdrawals,4
havens,3
proof,2
issuing,2
status,4
pain,5
communication,2
tracked,2
pfd,8
fare,5
recoup,2
ale,2
dated,2
briskly,4
unsettled,20
ought,5
movement,160
fractions,16
defined,6
pub,4
brief,19
added,54
furnishes,2
employed,6
figuring,3
recaptured,2
marketwise,7
upward,74
grams,2
sympathy,9
field,8
nut,2
bid,12
steadily,25
prove,5
main,42
mutual,15
fluctuations,21
unusual,12
active,216
told,20
staged,42
potential,9
outburst,3
brings,5
marked,49
reality,2
nick,2
constructively,2
compelled,7
fewer,2
reiteration,2
eclipsed,5
enthusiasm,16
shortfalls,2
advancers,3
path,2
bad,76
terrorist,4
picked,45
violent,14
costly,2
evidences,3
sterling,63
petroleum,26
purchased,9
farm,15
equities,8
legitimate,2
district,13
bin,2
alcohol,29
preparation,6
cost,16
brutal,2
nearly,136
used,41
trapped,2
pool,17
coup,6
buildup,2
consequent,2
easiness,3
derivative,2
northern,51
interpretation,7
stop,31
piled,2
pledged,2
impatient,2
trillion,6
confrontation,2
apathy,2
foreshadowed,4
ontario,4
kails,3
biscuit,3
persistent,18
weighed,7
pull,8
clique,4
tangible,8
est,6
mills,9
withdraw,2
hartford,2
speculators,6
accumulation,18
successful,16
cam,2
wind,2
includes,6
chairman,28
favorable,70
lacked,4
latin,5
advances,131
wool,9
milestone,4
target,5
silk,11
breath,2
quiet,29
hart,2
selective,2
deepening,8
burst,12
rocketed,5
sense,17
reacts,2
marshall,2
uninspiring,3
greatly,10
inst,2
backed,17
lessen,2
find,16
pulled,7
sending,27
specific,10
western,43
events,21
induce,2
back,152
overall,13
transferred,3
ends,2
difficulties,21
forecast,10
managing,10
tomorrow,7
swing,7
conveyed,3
voters,2
owed,2
stepped,6
noteworthy,6
overwhelming,2
storks,2
sources,14
possession,2
mexico,8
curiously,2
excited,4
seesawing,2
broadened,8
spirits,2
consequently,4
bureau,7
although,123
invitation,2
stirred,2
morning,121
warner,3
sugar,40
unwound,2
fighting,6
tired,4
calif,4
blow,7
independent,6
compare,2
anders,3
bourses,3
decision,29
mind,5
agencies,2
chemicals,10
betrayed,2
interests,63
inasmuch,4
none,8
oils,44
necessary,13
bullish,36
inside,9
accrued,2
actively,12
opportunities,5
gloom,6
discussed,11
deadline,2
suggested,22
directions,3
tools,4
anything,20
declining,47
entertained,2
debentures,2
device,4
plain,8
previously,16
traditionally,4
contracting,2
defeats,2
lasting,7
spring,8
individual,24
resulting,14
austerity,2
case,47
accounts,36
substituted,3
hanging,6
certainly,12
recklessly,2
defensive,7
adjournment,2
variety,6
pierce,4
cloning,2
induced,9
apprehensions,2
contained,3
bros,2
appear,14
lining,2
react,8
convinced,8
surface,4
bow,8
wiping,9
attracting,2
appointment,2
border,3
prolongation,2
contends,2
conviction,9
worst,95
tile,4
arm,3
broadening,3
essentially,3
indices,9
retaining,3
handle,3
sow,3
barrel,16
hitherto,2
absence,21
rad,2
proposed,25
white,14
strategists,4
reflect,7
smelters,9
rival,2
trader,22
plainly,6
drug,9
participation,3
adjusted,5
unemployment,14
region,4
republican,5
crowd,17
moratorium,4
globe,5
exclamation,2
hint,4
pressing,5
overland,3
roll,2
bout,5
pre,11
operators,14
undertaken,3
large,197
rush,14
ascertained,2
standpoint,3
industrials,361
difficulty,23
proportion,11
raids,2
around,126
keel,2
endured,2
minister,5
protection,5
samuel,2
probable,16
common,198
uncovered,18
austria,4
usually,12
uncertain,14
cotton,121
dips,5
shocked,3
availability,2
cases,18
reasons,11
thought,26
constant,6
unsuccessful,3
road,18
healthy,8
holders,20
effected,5
projects,2
sharper,4
apathetic,3
actually,13
bottom,42
hourly,2
steeper,2
dull,39
cap,16
depositary,2
yield,20
impairing,2
sonic,2
wants,3
swung,5
covering,110
reflex,2
intra,2
dismal,7
inferred,2
dation,3
edging,3
broad,93
slipped,11
foundation,6
nations,4
recession,49
exceptionally,5
owns,3
justified,7
dollar,120
burden,5
accompanied,27
unlikely,7
near,67
forced,30
frustration,2
regular,16
depressed,20
shift,4
blocks,29
decliner,2
yester,2
notice,4
probability,8
boston,16
bail,6
consultant,2
post,15
pay,13
able,21
charta,2
twin,2
skeptical,4
rife,2
jolt,3
scores,4
recommendations,2
classic,3
risks,7
assuage,2
streak,14
recall,3
course,77
eight,21
soared,41
unload,3
downward,65
mobile,2
slashed,2
dividends,33
director,22
credible,2
henry,7
central,110
influential,4
philadelphia,8
approach,5
disposition,11
fortnight,5
today,44
loans,66
duty,3
failures,6
beer,2
gauge,5
distinction,3
journal,14
flight,6
transfer,4
marker,2
city,16
investment,107
obtaining,3
offer,7
wilson,12
interior,6
surprises,6
parity,5
book,4
appeal,2
webber,4
longer,27
sharing,4
foster,2
put,80
ame,2
reversal,16
tem,2
ter,3
made,247
necessities,2
youngstown,8
premium,6
eager,5
software,3
initial,59
tokyo,18
growth,34
skittishness,2
northwest,10
plowed,2
speculative,70
tee,3
arrangement,3
netherlands,2
weakening,2
offset,13
propping,2
resumed,30
fearful,3
developments,104
considered,35
existed,7
assistant,3
amex,5
corporations,14
impulse,2
comments,10
omission,3
lived,7
cuts,13
adding,17
busy,3
california,6
reluctant,3
neared,3
list,269
goes,3
vacuum,3
springfield,2
restrict,4
attorney,3
frankfurt,5
picking,9
outcome,14
las,3
calling,8
advantages,2
meant,2
tha,4
conjectures,2
bargains,2
louisville,10
kevin,4
exit,2
restricted,7
contract,5
howard,2
refusing,3
invested,2
restore,5
works,9
years,106
preferred,76
cleaned,4
fletcher,3
regain,2
offsetting,5
turmoil,11
recapture,2
bale,31
dosing,3
disturbances,2
slowing,10
strategist,23
ready,13
switching,10
launched,3
estimated,5
laden,3
suspension,8
depression,20
lent,8
taxable,2
withdrawal,4
market,1176
stunning,2
ken,6
decidedly,18
improvements,2
miscellaneous,4
convalescence,2
electrical,16
vital,2
changing,20
promised,5
reversing,5
traded,34
finale,2
job,6
reasonably,4
stayed,6
amounting,6
private,14
see,27
parts,9
whenever,5
subject,10
ranges,2
ascribed,9
anthracite,4
prevailing,13
fluctuated,5
moreover,14
recover,9
moved,87
earnest,2
differential,2
korean,6
yale,2
foundry,3
tendencies,44
decrease,11
pure,2
countries,19
couple,10
expressed,12
averse,3
ore,11
urgent,17
failure,27
dramatic,8
satisfaction,3
readiness,3
outturn,2
economists,9
thanks,2
helping,8
imperfect,2
relationships,2
house,55
car,25
kenneth,3
making,38
situations,3
boon,2
unit,12
airplanes,3
mildly,3
lone,2
strategies,2
ditch,2
foreign,137
caught,17
weekly,17
new,1125
sot,2
substantially,26
slackened,4
account,64
priced,27
underwriting,2
confusion,7
import,5
clear,20
cancellation,3
disturbing,21
surprised,13
weight,12
battered,9
absolutely,2
hung,2
nixon,13
gives,6
sufferers,6
shifted,7
agreements,2
acting,12
revision,10
upset,4
hank,4
heaviest,31
prompt,4
buoyed,12
somewhat,38
tim,12
laggards,2
army,2
reviving,2
balance,28
precipitate,3
fixing,12
calibre,2
purpose,12
rentes,5
stiffened,2
ride,2
cheered,5
executive,7
medium,2
fails,5
leveling,2
stimulating,11
pervaded,2
looked,33
meetings,6
retreated,6
instability,2
riskier,2
asset,7
encouragement,9
deepened,3
discretionary,4
erased,10
free,7
opening,298
freddie,2
elsewhere,33
starts,3
dur,2
eventual,2
automotive,3
add,5
edge,5
class,21
actual,23
enactment,2
packing,2
fueling,2
grow,2
pouring,2
joseph,2
noticeable,8
court,13
focused,6
rata,6
amounted,26
goodyear,3
assist,3
shared,19
mark,30
imposed,2
psychologically,5
repaid,2
comparatively,29
increasingly,8
singapore,2
liabilities,6
weakened,18
alleged,3
leading,164
holland,4
meeting,28
manipulation,4
downturn,9
bond,174
sparkling,2
accomplished,11
ton,11
disturbed,9
constituted,2
aaa,2
watches,2
head,36
rallying,32
functioning,2
index,309
drama,2
forgotten,2
falling,48
extensive,34
mostly,20
confused,7
skids,3
quantities,3
sudden,14
hair,2
call,107
suffering,12
consolidated,22
instance,7
planning,3
scoring,2
supposed,4
regard,15
jump,23
insists,2
reassuring,11
intervention,6
four,97
listed,13
using,4
fleeting,4
commonplace,4
competitors,3
clamoring,2
might,77
imposing,3
achieved,4
ment,10
bunched,2
rewarded,2
create,10
iso,3
caterpillar,4
underwent,3
form,21
startling,8
margin,29
sec,7
members,15
rails,199
australia,9
moderately,31
fifth,17
pushing,22
telephone,56
cigar,4
stands,7
hysteria,4
tunes,4
temporarily,8
display,5
alan,13
welcome,2
bids,17
gold,97
cumulative,2
remains,19
play,8
larry,6
expanding,5
mounted,6
stakes,2
bill,53
displayed,25
attempts,15
resembling,3
crises,2
colorado,4
formal,2
todd,2
stated,6
rocketing,2
winning,5
alone,12
attain,2
midmorning,2
absorption,2
steadiness,4
distinctly,16
client,2
plenty,9
plaguing,2
recovers,4
whetted,2
pounding,4
fixed,8
wished,2
cable,19
england,17
pursuing,3
craig,3
forge,2
shares,604
impaired,9
smash,2
devoted,2
pauses,3
sale,32
several,94
lagged,18
referendum,5
appearing,9
raises,2
earmarks,3
pausing,2
rendered,6
permit,3
dose,10
reopen,2
swept,21
heartened,2
gossip,22
bally,3
develop,14
demonstrating,3
sears,17
plunge,48
needed,18
aul,2
petrol,4
drives,3
significantly,4
water,7
worrying,4
proceed,2
specially,2
contrast,12
measures,19
sells,7
lack,25
traders,233
figure,29
relations,9
transpired,2
riley,2
democratic,9
settled,11
managers,18
rioting,2
fifteen,4
forcing,10
irregular,59
default,5
gamble,9
officer,10
gathering,2
concentrated,7
rained,2
tom,6
aggressiveness,2
huge,24
association,8
accept,7
greatest,20
whole,66
example,10
conclusion,5
steadied,7
thick,2
hitch,2
chill,2
shifts,3
scrap,6
expect,18
overbought,2
unconfirmed,2
gen,9
press,10
tam,2
quotation,8
hitler,12
slid,29
economics,4
emerging,10
fortunate,2
rating,7
smelting,25
fred,2
met,37
stubbornly,4
approval,8
farmer,2
culmination,3
atmosphere,4
held,66
trained,2
bushel,40
comes,11
stimulus,16
applying,2
feeble,9
freeing,2
european,86
addresses,2
upturn,57
hectic,3
program,60
means,24
waves,14
lag,3
following,116
learned,3
spread,38
recoveries,21
renewing,4
suffered,73
communications,6
peace,29
spokesman,3
ead,2
partners,4
lower,212
centra,2
fulfilled,3
analysis,7
touching,9
lows,231
limits,4
attacks,9
roads,12
voted,2
anti,18
telling,10
yellow,2
motion,4
computer,19
rejected,5
indicated,38
narrow,24
excise,3
similar,31
rolling,4
boots,2
omitted,2
advisers,4
uniformly,4
load,5
votes,2
woke,2
heavily,23
lessened,3
enforced,2
mild,9
unwilling,3
approve,2
mor,3
abundant,2
settle,5
diverted,2
concessions,11
plentiful,3
sidelines,9
tributed,2
developed,101
coal,27
intimately,2
regaining,2
crash,31
eliminate,2
aggression,2
aftermath,3
irrational,3
vice,33
liberty,6
closely,11
expecting,5
margined,4
eleven,3
inactive,6
contrasting,2
safety,14
renew,3
nearby,9
trade,99
date,16
bottoms,3
ignored,4
browning,7
inventories,3
party,8
rapidly,22
staff,7
agriculture,4
weeks,114
report,102
relatively,18
spark,6
sup,2
reports,117
anglo,3
fourteen,2
german,44
bank,311
crisis,49
gradual,2
disregarded,5
harris,2
remainder,10
employes,8
liquidity,9
cheap,7
approaches,2
capacity,6
cuban,3
iran,3
defeated,3
iraq,18
production,42
realistic,2
glass,4
plunges,3
readied,3
john,15
sector,33
tins,2
buoyant,19
ones,10
spending,33
routine,5
deadlocked,2
apart,6
buffeted,2
force,20
loss,101
edition,3
niagara,2
panic,31
fear,26
delaware,9
earnings,179
skepticism,4
decline,354
primarily,2
advising,8
excuse,2
left,40
review,4
secret,2
deterrent,2
smaller,31
jonathan,3
cleaning,3
abort,2
still,141
lifting,9
moderate,52
beset,3
strategy,7
stops,5
swap,2
harvester,18
tar,2
cad,2
nervousness,35
roar,3
fronts,2
offs,4
disappointing,19
hurdle,3
mood,11
defaults,2
subjected,19
ways,11
york,478
assessment,2
registering,2
freely,8
fart,2
mail,6
curb,12
engaged,4
spurred,14
rubbers,6
disadvantage,2
move,94
immunity,2
product,7
declaration,13
recessions,26
doubt,13
possibly,9
forthcoming,10
compete,2
delivered,13
turnabout,4
ice,4
strikes,2
remain,23
margins,10
hiding,3
faith,6
preponderance,2
depot,3
table,3
woes,11
continuing,18
illustration,2
bottomed,2
hope,28
armament,4
happened,13
optimists,5
exuberance,3
oil,158
chinese,7
seaboard,3
bolstered,5
brilliant,4
smallest,6
hour,239
spent,6
bringing,13
medicine,2
toe,4
oft,8
gaining,16
unification,4
research,16
whereas,3
brushed,3
military,5
hurried,5
inv,2
anil,4
debenture,7
arc,11
referred,2
brussels,4
drawn,5
vicious,3
purely,8
technologies,3
judged,2
short,213
refuge,3
created,34
issues,454
sweeping,19
eyeing,2
hardly,19
edward,2
owned,5
additionally,3
existing,9
nine,17
clinton,3
comprehensive,3
convertible,3
borrowing,8
jesse,2
pessimism,13
involved,5
promising,4
elec,2
contingent,3
gave,96
performer,4
aid,14
lessening,2
trouble,20
harbor,3
easier,32
hesitation,7
band,2
martin,3
ned,2
arranged,3
seeking,7
shipping,2
fruit,2
almost,98
tobaccos,9
forty,2
die,6
lime,2
overpowered,2
berlin,18
sectors,23
immediate,25
banker,6
gates,4
hong,14
heal,2
fund,32
offered,26
summit,2
abroad,38
rubber,50
fields,2
await,9
nerves,3
complexion,3
argentina,2
change,78
consistently,4
thanksgiving,4
available,4
advice,4
trunk,3
fever,4
orders,126
predict,4
ingot,4
needs,5
deal,50
deputies,2
shows,12
pickup,3
penetration,5
gainers,8
extra,8
london,170
liberal,8
pap,3
stanched,2
underwriters,3
card,3
responding,4
bottoming,2
swinging,3
sprinkled,4
idle,4
setback,30
sensational,11
necessarily,2
round,18
strike,22
rin,2
scarcely,4
chain,6
highlighted,6
discouraging,4
staple,3
five,67
dominating,6
indicators,11
february,45
calm,3
treasury,93
anticipate,3
billion,58
eighths,2
downside,10
pat,3
activity,89
diary,129
attributed,13
payment,10
par,12
success,9
headlines,3
softness,2
unquestionably,6
pleased,2
favorite,5
quotations,30
assured,3
paps,4
mortgages,5
soon,53
climate,2
unions,3
vulnerable,8
momentum,35
damper,3
joint,2
places,8
potentialities,2
eyes,3
indexes,34
largely,30
sie,5
noticeably,3
gallows,2
ranging,12
capitulation,5
leaped,2
departure,2
say,47
similarity,2
influenced,12
board,64
cheering,11
mediterranean,3
liquidated,4
ford,19
normally,4
vigor,13
inclination,2
furnished,17
disbursements,5
dive,2
underlying,12
exceptions,3
machinery,4
seventh,11
firmly,2
awaiting,3
raise,22
signalled,2
therefore,7
totals,8
allayed,3
stubborn,2
downgrade,2
resurgence,2
payrolls,6
upturns,8
reveal,2
sigh,3
downswing,6
relapse,3
motivating,2
withstood,3
allowed,6
dollars,8
bay,2
falls,5
gloomy,12
del,3
louis,4
salomon,2
frightened,5
found,61
deadlock,3
extraordinary,4
stores,17
mix,2
leaves,2
tape,64
bob,3
altogether,7
opposing,4
words,6
definitely,6
hesitant,2
selling,500
modestly,2
command,2
published,9
drops,12
jobs,22
gun,2
feels,3
apply,3
heat,2
talk,28
holds,5
bulls,18
whereby,2
evaluate,3
watchers,2
start,104
rendering,2
doug,2
investing,3
trades,8
boiled,2
exceeded,13
views,7
invest,7
thinness,6
interview,3
tho,57
porcupine,2
poured,8
cue,11
bushels,6
africa,5
wealth,3
capping,3
great,89
total,70
fled,6
confirmation,7
adverse,14
reprieve,2
ness,2
breaking,13
really,16
subsided,4
stress,5
happenings,2
capitol,2
erie,13
celling,2
require,3
establish,5
eighth,6
merely,12
translate,3
shaping,2
ohio,36
system,45
discreet,2
purposes,10
depends,2
earn,6
funded,3
elect,6
fundamentals,5
debating,2
melted,5
reached,101
exporters,2
shrinking,2
winnipeg,3
amid,44
attention,26
side,54
solvents,3
skelly,2
overturn,2
simply,2
analysts,58
relieved,8
steels,27
satisfactorily,3
negative,14
explain,7
sane,2
news,323
taking,93
chips,24
wet,2
acutely,3
grade,36
ume,2
black,9
linseed,3
breached,2
stand,62
levels,185
catching,2
corn,25
filled,7
travel,2
fuel,18
latest,44
erratic,9
shock,8
effectiveness,3
movies,5
skid,2
bis,4
sock,2
duration,5
height,2
objective,2
reverse,3
nowhere,3
erratically,3
promise,6
mot,4
effects,12
taxation,4
bellwether,7
accepting,2
liquid,3
present,54
increased,126
edited,3
fair,26
evident,26
lat,3
termed,4
seen,42
deliver,2
sponsored,2
types,4
coffee,17
range,43
extension,10
bear,140
explains,2
alongside,2
elements,2
inspiration,5
author,6
old,33
seat,2
called,28
truce,3
hoover,16
penetrated,11
forecasts,9
uncertainty,30
equipments,20
comparison,6
anniversary,4
dates,3
anxiety,14
influencing,3
beneficial,2
significance,9
send,10
dragging,4
wish,3
railroad,174
execute,2
hesitated,2
neighborhood,4
especially,46
mergers,4
worn,2
balances,5
roiled,3
lard,2
conciliatory,6
wagner,2
paris,28
regulators,5
tariffs,4
expansion,16
cloud,2
attracted,16
indulge,2
time,368
ability,23
sliding,6
corp,63
quieted,2
element,15
done,15
stressed,2
george,8
standing,5
retained,2
come,58
taw,2
moore,3
bell,13
ana,5
rising,47
roughly,7
marginal,7
staying,2
awaits,2
scope,4
coincided,2
decreased,28
extending,11
chan,2
built,5
contributing,11
gulf,15
affords,2
exhausted,6
liking,2
warning,14
shade,2
extremes,3
layman,3
ignited,2
closings,3
fundamental,9
drifted,7
steadier,9
incident,4
norfolk,10
hie,4
bouncing,2
thinking,3
affording,3
precaution,2
reference,4
plunged,39
lowered,8
slew,3
premier,11
mines,6
else,5
sit,2
contributed,14
sensationally,5
typical,6
light,27
question,28
baldwin,17
control,19
best,122
corner,6
line,30
remarks,9
equal,10
fit,2
firms,24
whatever,8
federal,129
century,5
lion,4
conspicuously,5
capital,40
staging,5
history,46
compromise,7
serious,24
secretary,28
embargo,3
mis,2
congressional,5
syndicate,3
next,66
ward,13
burlington,5
optimism,34
buoyancy,11
unless,7
naturally,28
conservatism,3
discouragement,10
hunters,11
value,37
franchise,3
sight,7
released,11
postponed,4
finished,69
tried,6
rebounded,16
experienced,25
stunned,2
eroding,3
revived,8
thomas,5
construction,9
disturbance,4
rash,2
utility,70
pools,3
better,123
chamberlain,5
headway,9
cent,45
inability,10
makers,16
formed,4
came,148
stampede,5
lea,2
fire,5
bring,33
cautious,16
belt,5
impressed,9
dow,232
virtual,3
economist,10
designed,3
senator,9
inclined,16
captured,2
confident,20
softening,2
inroads,2
recipient,2
balanced,3
rail,68
guaranteed,2
statistics,2
apple,2
ambassador,3
seller,7
judicious,2
patrick,2
controlled,4
know,9
bales,6
germans,2
safest,2
basis,41
boxes,2
overseas,7
detroit,5
contraction,3
psychological,9
threatened,7
development,45
followers,4
provided,11
dramatically,2
leads,7
suggest,8
tower,2
direct,7
tied,5
senior,23
holiday,49
advices,15
trigger,2
winners,6
crude,24
implications,3
deliberate,2
minds,3
mil,3
claims,16
yielded,3
full,50
witter,6
executed,7
effort,18
broadest,13
extended,30
finance,38
pro,6
slump,21
tae,2
traced,4
blossomed,2
quickly,23
climbed,31
prompted,7
lasted,5
outpaced,4
gathered,10
important,72
since,573
registrations,3
ably,3
pension,7
regulation,8
happy,4
translated,11
yen,16
relief,36
let,8
pessimists,6
despair,2
wages,5
investments,27
coincident,2
peaked,3
interested,5
french,27
becomes,5
need,17
widest,15
one,365
hears,2
sometimes,3
keith,2
care,5
rumor,11
shy,5
conditions,76
san,6
break,148
much,205
smith,14
noon,35
slip,3
commitment,2
determine,4
drastic,16
resilience,3
eral,3
pape,5
obviously,6
thrown,12
cover,34
francs,16
represent,13
facts,4
file,4
repeal,5
duplicated,6
canada,9
deposits,2
domestic,63
popular,10
emerge,3
treaty,3
bulletin,2
release,5
sliver,2
issue,40
owners,3
beginning,26
cheaper,3
wrong,5
stockholders,8
pick,15
instances,17
modified,4
iowa,5
request,4
knows,3
injection,2
wall,173
budget,16
displaying,4
heard,31
greece,14
dispose,4
detailed,2
robust,2
peak,27
lor,5
appetite,2
fractional,14
provision,2
debts,6
telegraphic,2
breast,9
favorites,18
deterioration,4
satisfied,3
spell,10
entire,36
industrial,669
mercantile,6
action,109
sagged,12
varying,4
ended,79
greg,4
revolutionary,2
lots,7
rejection,2
otis,6
attracts,2
discarding,2
proposal,15
cropped,2
digit,6
consolidation,3
ruled,6
loan,28
nonfarm,3
students,5
diminished,8
dominion,3
halt,10
paine,4
gas,42
opinion,18
declared,12
requirements,12
title,3
mining,14
touched,21
shortened,2
perhaps,14
measure,37
subsidiary,6
constructive,30
urgency,3
telegraph,8
makes,9
runs,2
voluntary,5
survey,8
rumors,46
widespread,20
maintenance,7
retailers,8
fore,5
descent,2
fork,8
attractive,3
carbide,10
southwest,4
possibility,25
role,6
lawson,3
port,4
make,50
sharp,174
driving,10
yielding,3
ballot,2
trend,64
barrage,2
bulges,6
professionals,22
unwinding,2
tumult,2
bituminous,2
page,27
phase,10
taken,66
organ,2
exception,19
tacked,2
reflection,12
prod,3
brooklyn,7
intending,2
operation,17
attempted,7
mechanism,3
powerful,15
victor,24
chevron,6
charges,8
stocks,1538
heightened,6
france,32
consensus,2
struck,4
jones,20
roared,4
progress,33
extensions,4
neglect,2
knocked,4
predominated,3
indicating,20
surging,15
betterment,12
boost,14
stake,3
consistent,6
consumer,40
materially,15
hefty,2
nose,3
newton,3
reversed,12
losses,183
debt,48
doubled,4
lend,4
providing,3
exxon,4
joined,4
resignation,5
struggled,2
licensing,2
opposite,2
brail,17
scattering,2
stay,2
easter,2
conservative,20
discuss,4
unfilled,6
aviation,4
cyclical,3
consumption,6
version,2
indicative,3
estimates,14
guidance,2
receipts,2
finishing,9
behavior,13
crucible,15
composite,110
temper,2
save,2
triggering,6
committees,2
personal,8
tout,4
appears,14
amendment,4
opened,89
proposing,2
overtures,3
winter,6
economically,2
closing,173
plan,52
discussions,2
different,18
sold,116
want,2
bullishly,3
harden,2
sparked,17
defend,4
retailer,3
depress,9
respects,2
erase,2
state,29
steel,446
attaining,2
severe,57
approaching,2
overwhelmed,3
brie,3
equally,4
points,1121
immediately,19
three,171
operating,21
bodies,4
less,75
involving,7
lie,7
ope,2
radio,14
exporting,3
stable,4
dutch,9
lender,6
story,14
comparing,3
enough,36
accelerated,14
stimulates,3
tentative,3
critical,4
fact,70
also,238
internet,7
wrote,2
pessimistic,10
encouraging,29
grains,31
unexpectedly,8
energy,25
pages,4
day,770
rumored,2
appearance,12
partly,18
corrective,2
run,32
coalers,5
sen,3
infrastructure,4
campaign,16
comparable,2
reeling,3
concerns,40
member,14
moments,4
privately,2
keen,3
worried,21
showing,64
surpassing,3
felt,37
swiss,3
barney,7
sir,3
row,9
agricultural,9
hammered,15
favorably,5
spurts,2
gradually,9
ralph,2
spin,2
unfortunate,2
brown,2
plate,5
getting,21
mae,2
session,305
offerings,101
periods,19
simultaneously,2
away,36
hundreds,3
severity,4
markets,349
explained,3
brisk,19
received,26
far,89
sebastian,2
summer,22
tention,2
con,15
extreme,19
turn,43
deliveries,3
leas,3
halted,5
express,6
idea,14
worth,8
dodge,3
unsatisfactory,7
expanded,26
jackson,3
suggesting,5
partial,3
debasement,2
options,20
pur,4
block,21
reflecting,17
iron,16
sufficiently,3
institution,2
spur,9
restrictions,9
rye,3
produced,12
aiming,2
sea,3
failing,8
overcame,3
foothold,2
spiritless,2
could,120
dependent,2
ups,5
chased,2
monthly,20
ease,20
allies,12
keynote,2
vote,10
expected,90
richard,39
blanket,2
record,155
jack,2
way,112
upswing,35
sheets,6
even,116
speech,29
dean,9
crunch,4
respite,10
avoid,5
loot,7
lists,6
jay,3
dissipated,3
scared,2
erasing,3
independents,4
aroused,4
backlog,2
papers,4
threw,9
irregularly,8
indicate,15
tenor,2
peaceful,5
carrier,36
real,41
networking,2
asian,11
consequence,6
became,67
increase,64
consol,5
products,28
feel,12
without,59
dullness,5
commerce,18
putting,19
woolworth,4
improve,10
demands,9
fate,2
assurance,7
collapsed,5
creeping,2
goodrich,3
delivery,6
dry,4
ounce,7
accepted,3
cola,5
remarkably,5
sacrifice,4
interest,203
tension,11
washington,86
takes,7
magnitude,2
topped,7
otc,10
withdrawn,5
chance,5
response,29
everything,13
scott,5
reminded,3
rerun,2
ruling,9
information,2
beat,5
specialists,7
firmness,12
utah,3
shaw,2
sitting,4
scales,2
proved,19
heartening,2
fractionally,25
heavier,9
half,104
orleans,2
two,247
anew,3
exerted,8
boosting,4
authorities,9
midafternoon,3
united,100
bar,2
yes,7
cross,2
upon,50
previous,229
tip,4
promptly,2
soars,2
merchandising,5
austrian,3
doubtful,2
reaction,105
unsettle,3
declines,192
term,55
aided,11
semi,6
double,11
disclosure,2
stream,8
impending,4
premiums,2
tightening,2
businesses,7
atchison,57
intimated,2
analyst,21
protect,11
executives,11
export,12
cause,25
forth,4
respond,7
worries,44
rather,74
contended,12
receive,3
strained,2
retail,19
advance,239
alfred,3
cheerful,7
ahead,93
occasions,7
helped,65
frightening,2
fill,4
pamela,3
westinghouse,31
lousy,2
wiped,6
composure,5
serving,3
risky,3
wide,55
mode,2
continued,164
bulk,6
investor,30
consumers,10
arab,2
james,11
rounds,2
pressed,13
sluggish,6
resources,3
regulations,3
resulted,24
crop,28
necessitous,5
category,4
gate,2
uneasiness,8
loud,2
fade,2
rates,130
rale,2
occupied,2
sober,2
shell,4
expired,2
justification,2
coke,2
owing,4
higher,221
referring,2
willing,12
tend,5
damage,9
favored,7
appeared,73
comment,38
lift,11
technicians,9
dosed,3
rapidity,5
commonly,2
stemmed,3
debate,4
calls,15
reviews,3
disposed,5
match,6
beaten,9
charles,6
services,10
collapse,16
logical,6
haul,2
rains,2
officials,18
complete,56
heaviness,25
never,19
origin,2
china,20
removal,2
weigh,2
alter,5
deflationary,3
auto,21
semiconductors,2
newly,4
feeding,4
work,18
irrespective,4
convincing,6
accounted,10
brands,2
ill,4
assumption,2
setting,13
turgid,2
revised,7
overnight,51
heed,2
texas,20
develops,5
controls,8
sagging,7
division,13
precipitates,2
indications,28
reassurance,2
enabling,2
confidence,59
host,7
lim,4
idly,2
recommend,3
thirty,2
bourse,20
oxer,2
earlier,54
manufactured,3
defense,8
leapt,7
began,74
nat,6
inspired,8
assisted,7
minutes,84
america,43
onslaught,3
philip,6
stockholm,2
greek,5
obtainable,4
grant,2
either,16
scrambled,2
statements,24
predicting,5
institutional,13
digested,2
pari,2
pac,6
larger,25
disastrous,3
promote,2
tear,4
evaporated,2
lead,52
home,36
month,130
sustaining,3
readings,2
impetus,16
triggered,8
franc,5
thirds,2
floor,52
mass,3
twist,2
demonstrated,12
millions,3
suicide,3
ebb,3
south,24
customers,28
inflationary,13
search,6
meets,2
coll,2
carried,71
actions,2
wave,58
thing,14
dominated,10
gyrations,4
avenue,2
eased,23
meaning,3
returned,10
laws,3
repeated,4
diversified,2
trends,4
mike,2
begun,11
weakness,134
crucial,2
wire,15
courage,5
spots,9
thereafter,6
matched,3
consecutive,24
prominent,15
suspended,6
reaching,23
sheffield,2
moods,3
cited,19
slows,2
life,12
exports,2
sons,3
hammer,3
wonders,2
buying,313
feature,42
consequences,3
satisfy,2
agenda,2
reckless,2
extent,34
corrected,2
appraisal,14
transaction,9
taxpayers,3
slash,2
overshadowed,4
capped,4
hud,2
speedy,7
supreme,4
leap,11
concern,35
started,84
prevent,7
exchange,229
fireworks,2
source,15
played,9
recouping,3
hear,3
doubtless,3
particular,23
reply,5
perpendicular,3
lunch,2
practical,2
connections,4
renewals,2
occurrence,2
pointing,8
underscoring,7
lies,2
slipping,3
sex,2
lias,3
urge,2
affairs,13
lose,10
dearly,2
layoffs,3
mew,2
entrance,6
william,15
badly,20
fright,2
van,7
danger,2
bets,7
sustain,7
distributed,6
conflicting,4
attempting,3
dividend,112
suit,4
jumped,67
germany,34
components,31
intensified,9
loaned,5
undeniable,2
miller,8
reconstruction,10
style,8
hut,16
jitters,7
transit,13
conjunction,2
powered,2
historically,4
lowering,6
largo,2
income,34
forces,14
otherwise,3
thin,20
led,94
snap,3
link,2
nominal,2
officially,4
expressions,2
kansas,3
proceeding,3
launch,4
nothing,30
calmer,3
flood,16
robert,105
extremely,29
ooh,2
oversees,2
asia,26
insistence,2
inspire,3
reparations,5
featured,8
wells,8
unprecedented,9
desire,4
witnessed,16
truman,7
face,48
concentration,3
edwards,3
touch,7
waiting,12
redemptions,2
alike,3
continental,11
causing,15
faces,5
timothy,2
believed,24
unrestricted,2
method,2
losers,14
moment,17
seek,5
supply,68
delayed,14
accelerating,4
discomfort,2
reacted,16
major,101
facing,3
intention,6
text,2
fed,48
federated,2
climbing,4
dropped,110
longs,3
details,12
potent,2
dynamic,4
crumbled,3
nil,4
movements,41
modern,2
categories,3
comfort,3
drain,3
exercise,3
memory,4
sustainable,2
exactly,10
reported,98
quota,3
factors,48
suisse,3
pressures,3
disappointed,3
items,11
edison,7
rallies,51
considering,9
cutting,16
feet,2
speak,3
shipments,7
alternating,2
behind,76
speed,15
distant,3
adequate,2
panicky,7
follows,11
continent,7
bears,45
bit,16
depressing,16
converted,2
ninety,11
psychology,7
willingness,5
managed,19
win,2
liquidating,7
replaced,2
consideration,11
ion,5
houses,82
advisors,6
gams,6
sessions,59
distribution,8
paying,3
seem,8
gene,3
explosive,12
impression,12
unfortunately,2
newspaper,2
dome,2
miners,2
commodity,78
ignites,2
running,48
terms,36
ominous,3
upswings,4
scheduled,11
renewed,65
whipsawed,2
widely,9
departments,14
slightly,50
hesitating,3
surprisingly,3
permanent,3
losing,33
gage,2
additional,44
mortgage,19
readjustment,6
movers,3
contest,3
establishment,4
president,176
trad,6
attempt,24
abated,2
structure,6
credited,12
potentially,3
easy,12
thousand,2
annual,17
arkansas,2
forward,65
hitting,7
gotten,6
turns,3
municipal,6
lace,2
clark,2
expects,9
long,140
gain,231
beyond,8
occur,8
slowdown,11
tense,2
rise,142
small,131
till,3
succeed,3
glad,2
fast,11
pullback,8
additions,41
becker,3
bailout,17
shareholders,4
hardest,6
handful,3
argument,5
predominating,2
valuations,4
lewis,4
aircraft,12
cents,92
presage,2
attributable,2
men,10
unimportant,2
pretty,15
europe,69
expense,8
restraint,4
dan,3
acceptances,11
casual,2
matthew,3
filed,7
restoring,3
territory,34
sumatra,2
prospective,3
reveals,3
people,62
dark,2
reminiscent,3
hotels,2
good,205
oat,2
global,55
curbs,4
offices,4
rebounding,3
despite,55
lire,3
pound,17
prices,729
matters,5
data,52
reinforced,3
supplied,9
til,2
approved,5
sharply,147
loadings,14
rule,9
coast,4
sent,86
iraqi,2
exchanges,20
billions,6
decade,5
drop,188
declarations,15
shorts,86
areas,9
basic,16
scattered,5
restoration,3
regarding,29
confidently,2
inventory,11
attitude,23
company,86
deferred,3
cons,2
degree,10
stanley,14
rich,5
resign,2
absorbing,3
absorbed,24
punished,5
currency,32
recalled,4
identified,3
demonstrations,5
wanted,10
discount,19
ending,19
businessmen,2
italian,7
social,2
money,250
aggravated,2
downgrades,2
respect,9
grip,3
staggering,3
strengthening,5
unanimously,2
maximum,3
fall,71
sales,143
acquisition,4
withdrew,3
union,111
excess,19
throughout,128
rushing,2
theory,21
conclusively,2
accordingly,2
false,2
alaska,2
greater,39
britain,27
reduced,39
advanced,94
funding,3
ran,59
feverish,2
tame,5
marking,14
deviation,2
steady,80
principal,65
profit,87
americans,2
headed,12
sums,3
jobless,7
tri,3
gains,267
loading,2
atomic,2
borrow,2
favor,13
importance,19
jeffrey,5
pal,6
east,22
combination,3
eligibility,2
achieve,2
asserted,7
recorded,42
disturb,4
proving,2
pennsylvania,24
addition,32
switch,2
sinking,12
junior,5
notes,8
rio,16
number,81
dropping,22
carbon,2
peter,4
diminish,2
breathing,2
aware,2
lacking,5
uplift,3
reach,10
heads,7
reporters,3
ive,2
pass,3
fresh,32
catalyst,8
conducting,2
rediscount,13
agreement,25
looking,18
apparent,35
curtailment,6
rouse,2
digest,2
broader,24
tost,2
relative,7
performing,4
docs,3
shorter,4
wild,16
targets,4
suddenly,19
repercussions,2
discussing,3
clearing,4
expensive,3
low,393
situation,108
refinancing,5
read,11
missouri,23
conversations,3
petro,3
wary,5
sits,2
tended,11
combat,2
recent,195
volatility,23
striking,7
year,477
extend,8
builder,4
consols,7
distillers,10
commodities,109
yer,3
essential,5
bloody,2
ben,5
tariff,4
posting,2
ships,5
governmental,4
resume,5
meet,15
explanations,5
beleaguered,3
grangers,2
birthday,2
concerned,19
font,21
gets,7
prevented,4
excitement,6
appreciable,3
traditional,4
workers,5
chamber,3
arrangements,3
sleeping,2
expand,4
place,71
gripped,3
certificate,2
reducing,10
internal,3
cal,5
overlooked,2
confirming,3
plant,9
morgan,44
harbinger,2
pope,4
drift,2
watching,6
estate,2
adopted,4
general,305
brake,7
natural,15
euphoria,6
follow,30
seasonal,5
rim,2
threatening,5
demand,157
statistical,4
principally,2
tops,7
bearish,40
shot,9
stan,5
equity,15
nashville,4
considerations,4
tube,2
besides,4
rebound,38
cautiously,3
hangover,2
amounts,5
abruptly,9
fan,2
laid,3
keep,23
casualties,2
giving,20
rome,2
issued,11
abbreviated,4
announce,4
nimble,2
lines,33
congress,46
dead,6
expectation,17
unsettling,16
million,71
opportunity,15
sensitive,6
highs,119
confirm,2
erupted,3
weighing,2
permitted,11
shaken,3
closed,207
troops,3
brokerage,25
trials,2
according,30
painted,2
materials,11
players,3
records,18
fur,2
ripe,3
air,18
accorded,2
flooded,2
partner,8
inflation,53
column,33
portion,5
package,11
continuous,6
differences,4
brighter,4
future,29
exciting,2
implement,5
snapped,13
smartly,3
perceptibly,3
catalysts,2
pulling,6
brokers,91
embraced,4
rattled,3
ordinarily,2
diagnosis,2
leaping,2
driven,21
frame,3
pummeled,4
season,6
worry,11
char,2
fueled,12
occurred,45
improves,2
within,36
edged,6
commented,13
complications,4
except,21
holder,2
death,3
constantly,2
sine,4
pursued,3
denver,4
succumbing,2
directors,15
deduction,2
avalanche,5
frankly,2
crops,4
election,29
metropolitan,5
asked,6
karl,2
assume,5
polish,3
purchasing,14
sort,8
spot,12
subsequent,5
peaks,7
tel,6
building,9
join,2
unsettlement,15
starting,19
turnover,52
encountered,19
returning,2
performers,10
aud,2
triggers,2
bearing,5
intimations,7
outpouring,2
performance,54
result,60
erf,2
american,259
downtrend,10
unlike,4
attached,7
hack,2
traction,12
positions,33
stacks,2
incentive,2
slumped,25
arabian,2
matter,18
johns,17
late,210
african,3
reduce,20
bio,2
conversion,3
indication,22
threshold,3
gross,10
ages,18
locomotive,6
unable,5
flower,3
ort,3
straightforward,2
pending,7
charge,11
decliners,6
swelled,5
technology,64
smelt,4
roebuck,14
ago,79
numerous,24
representative,21
landmark,2
tire,7
janes,3
softer,3
aside,12
requisitions,3
assistance,4
montgomery,11
marks,7
inert,2
took,124
answer,6
filing,4
centers,15
holdings,39
refining,3
hundred,2
observers,26
reactionary,32
returns,4
exposure,4
shore,5
fears,76
mainly,5
mac,2
typically,6
tendency,45
governance,2
ast,2
stock,1261
taxes,17
converged,4
talking,5
official,24
paid,16
wake,13
deep,13
positive,24
brought,107
unnerved,3
lightened,5
inevitable,3
doldrums,4
exceed,4
receivership,2
notable,9
quite,46
certificates,5
urged,2
definite,18
concerning,8
publication,18
pace,33
minor,19
accompanying,3
differently,2
cease,2
features,24
content,4
span,2
enthusiastic,2
currently,2
tone,76
chicago,51
gone,10
tide,4
precious,3
hearings,2
represented,17
every,44
believing,4
jumps,4
fleet,2
financial,202
correct,2
governor,8
lee,4
afternoon,118
bubble,2
helps,5
business,218
ask,2
financing,10
security,40
emerged,5
contracts,9
lew,2
lost,131
world,96
conference,35
lingering,2
importantly,3
gilt,5
months,113
anthony,7
slow,13
whose,22
obtain,2
menacing,3
signals,9
cables,52
vigorously,9
concrete,4
quicksilver,2
store,3
angst,2
technically,4
saving,2
refused,2
steer,3
broke,81
emphasis,6
presentation,2
stuff,2
hits,7
priming,2
foods,3
quantity,12
raid,12
embarked,2
chalk,2
particularly,84
tune,2
completely,4
rocky,2
pattern,6
units,3
coupons,2
grimm,2
checked,11
show,49
sufficient,34
scaring,2
message,15
preserve,2
step,14
maintaining,5
use,10
predictions,9
finally,33
spurs,3
solidly,2
mid,29
wider,4
breadth,11
tensions,6
payments,19
war,119
kan,2
reinforces,2
policies,12
restored,2
flocking,2
devaluation,8
subsequently,5
operator,5
dip,9
cessation,3
counted,5
stimulation,5
hedging,2
stem,5
respectively,4
abrupt,22
blockbuster,2
carrying,16
states,78
manager,16
saw,20
bethlehem,38
view,50
among,127
adjustment,6
munich,3
amsterdam,9
groups,43
trial,4
interim,2
shake,7
earning,10
jersey,16
poorly,4
enabled,3
dell,9
odds,5
escalated,2
chris,2
undoubtedly,23
correction,20
diminution,2
wrenching,2
rights,4
gordon,2
quality,8
elapsed,2
true,16
producer,3
amount,52
unexpected,16
troubles,26
improving,9
allowing,3
star,2
afforded,9
attach,2
little,171
standards,3
puts,7
estimate,9
canceled,2
pit,3
jed,2
excessive,2
tor,14
generally,114
climactic,4
ont,3
destruction,4
primary,4
cigarettes,4
difficult,11
flowed,4
conn,2
surge,56
employees,2
level,181
seriousness,2
negligible,3
strongest,22
dipping,8
indicator,20
admitted,2
grave,3
vulcan,2
noted,33
limiting,4
swoon,5
relation,7
wed,3
volatile,25
causes,14
strength,170
slowly,14
reasonable,7
arouse,2
embracing,2
tech,22
rockets,2
living,2
sought,9
sixth,11
pont,11
aimed,3
mission,2
metal,33
bullishness,2
ratings,3
avoided,3
cheery,2
happening,3
insisting,2
recently,66
careful,2
appreciably,2
goal,3
sorely,2
least,57
trucking,3
subscribers,2
cleared,3
durable,3
delay,7
capable,2
buyer,8
attribute,2
department,34
schedules,2
demanding,2
character,40
school,2
firm,95
maintained,31
understood,4
placed,17
reading,40
newspapers,2
clone,5
aggressive,31
bolster,5
depend,5
easing,16
look,26
trying,15
stance,2
ruder,2
morris,8
southern,43
whether,35
thawing,2
rises,10
chunk,2
twenties,2
preparing,8
atlantic,8
consummation,2
well,162
allow,8
encourage,4
room,8
drought,3
motors,85
savage,2
utmost,2
reignited,3
propelled,5
average,687
scrambling,2
doubts,7
comparisons,3
right,18
negotiate,3
risk,15
times,52
acquired,6
firmer,29
grown,4
stein,2
resting,2
indies,2
eugene,2
prevailed,16
michigan,5
arguments,4
continues,24
remembered,2
totaled,23
produce,6
lit,2
dealer,2
moves,28
credit,96
corresponding,18
later,57
decided,29
debacle,2
percentage,113
abatement,2
anticipating,6
linda,2
probably,54
changes,66
fig,3
raised,13
indus,6
avert,3
continue,40
effect,71
relaxation,2
stimulate,10
demonstrate,2
plans,24
output,9
sara,5
spend,2
shortage,6
direction,15
front,36
intel,11
formation,6
condition,20
support,127
provide,7
knock,2
ever,83
yields,20
king,4
tew,2
att,2
advantage,15
columbia,5
strongly,10
tumble,11
sympathetic,3
opes,4
article,7
unease,2
visible,2
dispel,3
gong,7
take,55
leave,6
rushed,8
agency,3
handling,3
hurriedly,2
second,160
swift,6
benefited,2
voting,4
agitation,4
accumulated,11
influences,17
focus,3
yesterday,579
procedure,3
similarly,5
responsible,15
programs,9
age,8
drive,23
superficial,2
individuals,11
wis,2
thus,20
discussion,5
remotely,2
rom,3
poorest,4
remarked,3
carloadings,9
flow,10
town,7
heavy,275
letter,4
declined,79
economy,115
limit,12
appearances,2
surged,50
stimulated,15
hide,5
insurance,14
earned,8
precipitately,4
wireless,2
shipment,3
increasing,32
determination,3
belief,30
becoming,4
warm,2
classes,6
employment,23
observed,3
neglected,6
hardened,4
caps,3
tax,76
associates,2
averages,171
gasoline,7
airplane,3
spells,5
bare,4
concerted,10
sanford,2
papa,8
unified,3
imparted,2
intervals,2
acquire,5
definition,4
apprehension,2
picture,20
customary,2
belated,2
must,18
takeover,3
peg,5
sun,4
signal,16
described,5
eliminating,2
entered,7
succeeding,2
apes,12
likewise,6
spiral,2
eagle,4
nickel,9
centered,9
guess,4
activities,14
practice,5
quieter,4
veto,2
word,15
favoring,4
profitable,7
retirement,2
missing,3
enter,9
exceptional,4
contemplated,2
often,13
nows,4
hell,2
buyers,47
methods,2
profits,52
drifting,5
lagging,3
swings,14
curve,2
quick,22
counter,11
settlement,29
seems,24
evidence,61
substantia,2
imperative,2
giant,4
wore,17
enormous,7
steep,11
absent,3
rose,173
caused,60
improved,47
hit,66
door,3
ami,4
uprush,16
clearer,4
signed,2
districts,3
everybody,3
relentless,7
indifferent,3
rallied,63
price,251
highest,81
firming,2
turbulent,6
woolen,3
remedies,2
shanghai,4
occasion,3
hedge,21
sounds,2
auburn,9
hours,35
interpretations,5
ing,29
adds,5
discounted,5
handed,3
given,45
self,5
deutsche,2
kong,14
goods,13
toy,3
reason,28
climax,3
tumbling,17
indicates,7
tur,3
interval,2
cigarette,5
succeeded,8
italy,12
purchase,14
tumultuous,2
uncertainties,10
satisfactory,11
occasioned,5
toward,55
genuine,2
defeat,3
suffer,6
would,309
turbulence,3
severely,15
operate,2
entering,5
seeming,3
shrunk,2
values,21
continuation,5
neither,5
uncontrolled,2
certainty,5
past,132
economic,117
proposals,13
nearing,3
supported,7
equivalents,2
mill,3
assets,33
due,50
testimony,3
bargain,16
keeping,11
affected,24
decisive,4
experts,3
malt,2
kidder,2
claimed,2
furnaces,2
awaited,10
kinds,3
comeback,3
slowed,3
mounting,6
loaded,2
coming,43
bull,52
revenue,19
agreed,10
considerable,88
col,4
regarded,31
slight,26
rescue,10
ant,2
routed,3
poland,5
ratio,35
bought,45
twenty,12
cars,5
deals,5
mono,3
oats,16
loo,2
lenders,4
touches,4
adjustments,6
chandler,4
russell,23
assess,4
rhe,9
deeper,5
brothers,13
tons,3
desperate,2
top,35
struggling,3
maintain,10
drastically,3
barometer,4
accounting,5
printed,3
assumed,11
credence,2
weekend,15
health,11
sheet,5
railroads,95
sedan,2
hurt,14
catch,7
regardless,2
purchasers,3
holding,20
tails,2
earl,2
biggest,187
producers,8
requirement,3
saved,3
shrink,4
refusal,5
reflects,5
trusts,4
drag,5
belatedly,2
temperatures,2
companies,109
monetary,20
pin,4
cambodian,2
phone,2
historic,7
reductions,12
vai,3
upside,16
outperforming,4
exercised,3
battle,5
part,107
solution,10
expenditure,2
investors,350
prime,23
awakened,3
resisted,5
outside,43
quarterly,20
lifted,16
maxwell,3
establishing,11
leather,6
righted,2
bulwark,2
paul,9
holidays,6
predictable,2
management,31
arranging,4
belligerent,2
spurt,9
reassured,4
senate,28
briefly,13
pushed,45
rally,344
allied,56
faded,9
passage,7
effective,15
hidden,2
divided,2
lawyers,3
lighter,3
dealt,6
deficit,15
latter,41
familiar,5
cottonseed,2
criticism,3
alternate,2
intensity,3
minority,2
strategic,2
position,78
ira,2
comm,2
exhibited,5
bonds,230
motor,34
imperial,4
republic,11
chiefly,11
bounced,6
final,115
safer,2
lending,12
oriented,3
eve,2
attack,19
first,324
greeted,3
absolute,4
shrinkage,4
discouraged,15
arrived,4
runaway,3
correcting,2
necessitated,4
founded,2
emotional,2
oversold,24
notched,4
contrary,2
brunt,6
posed,3
clause,2
considerably,15
illinois,11
quit,2
negotiations,13
culminated,2
clients,12
set,65
painful,6
opportune,2
concentrating,3
eric,2
political,17
feeling,19
bock,2
weakest,17
topping,2
frank,4
possible,48
prior,26
chem,2
soaring,23
shed,12
purchases,22
raising,10
tit,3
aborts,3
throwing,3
section,12
altered,2
puled,3
solid,5
technical,78
fell,241
milan,2
inauguration,2
switched,2
close,394
filling,2
reserve,133
grace,2
ket,4
grain,29
provoking,2
lake,3
finds,2
uninterrupted,3
longest,4
leaders,129
chip,54
rat,6
ailing,3
russia,24
francisco,6
electric,64
got,35
community,22
necessitating,2
persisted,2
governments,27
point,306
based,41
barrier,4
plummeted,15
cisco,14
studies,3
intense,3
stiff,4
television,2
ire,4
hoped,10
disappeared,2
body,34
turning,6
aide,2
tells,2
heading,11
protected,3
surpassed,9
resisting,4
answers,2
controlling,2
pronounced,39
occasional,3
exceeding,6
shutdown,2
degrees,2
curing,3
mart,5
copper,88
warnings,6
institute,6
likely,43
tug,4
scratching,2
housing,15
paced,4
quincy,2
specialties,32
seeing,12
aluminum,3
juncture,3
broker,9
kennedy,8
conceded,4
sailing,2
worsening,6
bounded,4
international,87
scarce,5
scenes,3
prey,2
balt,2
experience,6
skidded,9
railway,29
equalled,2
leader,14
obtained,6
supporting,9
futures,55
benefits,5
symbolic,2
precipitated,8
severest,7
hold,47
carefully,4
weaker,19
removed,7
ers,4
rut,5
determined,10
randall,3
type,3
repair,2
acceptance,8
ibm,4
spook,2
interpreted,9
spree,6
lowest,163
proportions,17
suspected,2
int,7
announcements,5
interruption,5
abreast,62
hoarded,2
thaw,2
viewed,9
phases,4
breaks,38
trifle,5
spite,20
soar,10
contradiction,2
offers,3
tell,8
approximately,16
stories,4
mixed,23
conform,4
impact,11
investigation,8
narrowed,3
spooked,5
corrections,3
string,3
closes,2
vigorous,23
imports,7
powers,2
developing,4
paper,38
stage,16
modest,10
granger,2
occurring,5
impossible,5
focal,2
strengthened,17
fight,7
facilities,6
looks,6
rte,2
figures,51
democrat,2
maturing,2
nervous,22
rattle,4
shape,9
models,3
bounce,8
fiscal,17
end,179
codes,4
examples,2
odd,12
plummeting,2
scramble,3
labor,54
respectable,2
enhancing,3
kicked,2
axis,3
ties,5
going,44
underscored,3
vanadium,5
toll,7
drove,15
blame,2
surrounding,5
reflected,48
tremendous,13
liquidation,193
elections,7
waning,3
chase,19
ide,2
completed,9
directly,3
ratios,2
hudson,12
famous,3
instrument,2
inevitability,2
watch,5
persistently,2
lait,2
canadian,19
economies,9
dumping,2
process,6
glitch,4
clung,3
abandoned,6
poised,2
fail,5
including,67
decisions,4
rational,2
troubling,2
porto,2
sates,2
eastman,6
conjecture,2
cast,4
equipment,20
hoc,2
renewal,63
computers,3
forged,3
diplomatic,5
base,5
bidding,12
impressively,3
established,46
tested,4
third,70
exhibition,2
standard,116
dipped,12
japan,21
resort,2
representing,10
factory,5
rate,286
mcdonald,4
instruments,5
knowledge,4
replace,2
shown,32
encouraged,26
arbitrage,12
known,23
wound,2
shifting,5
current,118
reduction,52
former,14
featureless,3
outstanding,31
conflict,9
revisions,2
receded,14
sides,2
protest,2
key,9
related,16
currencies,20
advancing,48
affair,7
weak,124
hailed,6
collateral,15
navy,3
contend,3
register,5
item,9
tin,17
televised,2
government,168
become,21
opens,2
letdown,3
pile,2
seriously,9
nuclear,2
tickers,2
annually,2
policy,27
outlook,58
successive,11
calendar,3
safe,13
died,3
overhanging,2
vacation,2
eases,2
north,24
totaling,8
went,40
yearly,4
engendered,4
entitled,4
mistake,3
genera,2
high,276
backing,6
together,12
assure,2
openly,2
friends,2
week,500
overstated,2
menace,4
insist,2
secondary,11
sheer,2
johnson,13
lately,7
supplying,2
precipitous,3
dampened,3
securities,127
hopeful,16
performances,2
widen,2
unloading,2
heels,2
trading,632
pointed,17
digits,2
overdone,2
escalating,2
wipe,2
stages,11
communicated,2
outset,15
yet,33
relieve,2
hew,3
ind,6
selected,4
readily,7
eisenhower,3
wondering,5
books,6
thumb,2
multiple,2
bound,2
stepping,3
coppers,21
pointe,3
homes,4
invasion,7
skeptics,2
tones,2
normal,17
reast,2
however,160
resumption,18
temporary,25
halts,2
boom,2
integrity,2
industries,19
order,35
application,4
spectacular,23
rippled,2
sanguine,3
recovery,153
remained,21
food,4
reminder,3
disclosed,7
quietly,3
rock,19
chemical,60
maturities,3
sellers,29
deflation,13
governing,4
ham,2
eliminated,6
hoping,15
loco,3
fairly,70
chic,2
passenger,4
notwithstanding,6
perform,2
midday,36
humor,2
downs,3
shaking,4
bracing,4
six,65
thinks,3
arid,4
big,148
petered,2
combined,15
beating,3
interstate,8
deposit,3
borrowed,6
necessity,7
chances,5
office,4
takeovers,2
violently,6
attained,7
eastern,16
clearly,10
snapping,3
street,286
amalgamated,23
responded,17
aver,41
supplies,4
shattering,3
piece,6
hopes,48
jon,6
oklahoma,2
flu,2
registered,17
navigation,3
bigger,10
goo,2
compares,4
closer,6
reacting,9
commentators,2
abundance,2
expenditures,4
ticker,24
rest,40
everyone,6
republicans,2
extinguished,2
derived,3
surges,3
pressure,158
sentimental,2
initially,4
commission,60
things,9
revival,8
affecting,9
nearer,3
shook,6
incidentally,2
acted,11
ser,4
bore,7
sharpest,49
ragged,3
sound,11
something,26
commonwealth,2
narrower,2
dumped,3
slock,10
confined,9
broadly,6
worsened,3
swamped,3
finding,2
cuba,3
retreat,22
fleeing,3
track,7
pane,2
straight,18
presidential,7
recording,5
liquidate,5
whitney,2
english,3
banking,52
compared,79
taft,4
backs,5
com,23
mirror,2
shepherds,2
arnold,2
covered,13
disaster,4
replacement,5
ports,5
boomed,2
guard,5
scale,49
vitality,3
describe,2
pentagon,3
voice,2
recess,6
administration,60
caution,12
interesting,3
tailspin,6
sections,21
begin,13
heart,6
dispatches,4
forecasters,4
names,13
fix,2
option,3
suggestions,3
mellon,3
kind,22
utilities,191
buy,53
retroactive,3
volume,342
christopher,3
mint,3
inter,14
statement,64
slower,2
korea,12
bonus,7
cities,5
competition,4
various,40
dashing,2
overthrown,2
storm,3
pan,8
aget,2
missile,4
discounting,4
stalled,5
forefront,2
worse,26
anaconda,16
appropriate,2
benchmark,15
flurry,9
momentary,3
act,16
served,20
finish,32
alarming,4
upwards,3
japanese,19
share,80
russian,12
sustained,23
announced,26
spreading,7
tightened,2
perception,2
ten,26
check,18
obvious,11
circuit,4
group,139
coca,6
tests,4
days,140
handled,3
aggregated,2
evidenced,4
inquiries,3
concluded,4
dried,4
steepest,9
strong,203
wheat,133
yahoo,2
charts,39
heretofore,3
mentioned,8
equivalent,4
bankruptcy,7
reporting,14
tending,6
gary,2
accord,4
seven,32
drawing,3
affect,9
indefinite,2
understanding,4
ammunition,4
argue,2
cold,2
required,2
recovered,36
denied,4
leadership,24
optimistic,11
transportation,31
continuance,3
entirely,22
fraction,13
ported,2
planned,12
speaking,3
quietus,2
chalked,4
cooperation,3
quarters,42
tabulation,56
capture,3
von,3
unusually,14
transactions,79
sub,4
nature,21
refuse,2
pump,7
surprising,10
guarantee,3
informed,2
ranged,17
scored,44
british,56
harder,3
offering,15
distinct,9
freight,12
possibilities,3
slightest,5
ordinary,8
suggests,6
insisted,3
open,38
regained,8
cum,2
elimination,3
consider,8
dispelled,2
notably,7
douglas,13
intermediate,5
increases,11
surplus,4
insiders,4
hands,50
chrysler,40
commitments,23
pared,3
succession,3
squarely,2
majority,10
busiest,6
firmed,8
barely,3
systems,15
plummet,3
outsiders,10
results,29
assigned,2
chancellor,3
slackening,2
abandon,2
proceeds,3
always,19
ail,5
highflying,2
americas,7
demonstration,9
plants,8
island,20
spain,2
conducted,3
guesses,2
anticipated,27
proclamation,4
seemed,52
harrison,2
announcement,69
significant,21
mfg,2
succumbed,8
pollack,4
valuation,4
soft,17
manufacturing,18
eye,5
ineffectual,2
evidently,10
ostensible,2
bearishness,5
fully,11
downdraft,4
textile,3
excluding,2
highly,13
problems,20
forepart,5
adversely,2
dominant,3
man,7
slide,41
sell,67
anticipation,14
conferences,12
fourth,41
test,23
troubled,8
joining,4
score,3
triple,5
broken,15
assuming,4
perplexed,2
mobil,4
disregard,3
repeatedly,2
remove,2
sure,3
though,47
begins,2
christmas,6
hand,32
corporation,38
material,12
manipulate,2
boosted,9
charged,2
committee,29
decades,5
improvement,77
turned,70
reform,2
power,56
push,18
dragged,8
pans,2
tunning,2
utter,2
exaggerated,4
discourage,2
draw,3
tires,2
largest,105
inc,49
adopt,3
automobile,16
reporter,7
clouds,2
manner,8
preceded,3
boeing,8
fared,2
service,24
lot,42
leslie,4
approximated,2
missed,4
happen,4
campbell,2
branches,2
followed,76
resuming,2
standstill,2
west,25
gov,2
expectations,25
introduced,7
rank,3
person,2
provisions,8
experiencing,6
academic,2
tractions,5
distil,2
afraid,2
national,57
cocoa,5
stood,21
preceding,30
mined,3
crossed,4
inn,3
definitive,2
sign,27
fallen,20
working,16
array,2
split,6
blue,75
tumbled,50
ramifications,3
mkt,4
suggestion,5
testified,2
proper,2
marine,12
anxious,7
palpable,2
obligations,27
belgium,5
tock,8
cincinnati,5
weather,16
included,30
tub,2
machine,2
sounded,3
net,63
leaving,16
nation,32
document,3
trice,2
asserts,4
bright,7
vague,5
changed,40
eventually,10
swiftly,7
slumping,3
